<?xml version="1.0" encoding="UTF-8"?>
<project-private xmlns="http://www.netbeans.org/ns/project-private/1">
    <editor-bookmarks xmlns="http://www.netbeans.org/ns/editor-bookmarks/2" lastBookmarkId="0"/>
    <open-files xmlns="http://www.netbeans.org/ns/projectui-open-files/2">
        <group>
            <file>file:/Users/jonathandetrier/Desktop/MIAGE/ProjetJava/Projet-A.O.C/GestionPersonnel/src/gestionpersonnel/Menu_Personnel.java</file>
            <file>file:/Users/jonathandetrier/Desktop/MIAGE/ProjetJava/Projet-A.O.C/GestionPersonnel/src/gestionpersonnel/Accueil.java</file>
            <file>file:/Users/jonathandetrier/Desktop/MIAGE/ProjetJava/Projet-A.O.C/GestionPersonnel/src/gestionpersonnel/Verification_Add_Employe.java</file>
            <file>file:/Users/jonathandetrier/Desktop/MIAGE/ProjetJava/Projet-A.O.C/GestionPersonnel/src/gestionpersonnel/Add_Employe.java</file>
        </group>
    </open-files>
</project-private>
